{
  "thanoseraser": {
    "sounds": [
      "thanoseraser"
    ],
    "category": "player"
  },
  "hit": {
    "sounds": [
      "hit1",
      "hit2",
      "hit3",
      "hit4"
    ],
    "category": "player"
  },
  "ultronbeam": {
    "sounds": [
      "ultronbeam"
    ],
    "category": "player"
  },
  "stonechargebeam": {
    "sounds": [
      "stonechargebeam"
    ],
    "category": "player"
  },
  "stonereality": {
    "sounds": [
      "stonereality"
    ],
    "category": "player"
  },
  "stonegrow": {
    "sounds": [
      "stonegrow"
    ],
    "category": "player"
  },
  "ultronhit": {
    "sounds": [
      "ultronhit"
    ],
    "category": "player"
  },
  "visionon": {
    "sounds": [
      "visionon"
    ],
    "category": "player"
  }
}