{
  "thanoseraser": {
    "sounds": [
      "thanoseraser"
    ],
    "category": "player"
  },
  "hit": {
    "sounds": [
      "hit1",
      "hit2",
      "hit3",
      "hit4"
    ],
    "category": "player"
  },
  "jarvison": {
    "sounds": [
      "null",
      "null",
      "jarvison1",
      "null",
      "null",
      "jarvison2",
      "null",
      "null",
      "jarvison3",
      "null",
      "null",
      "jarvison4",
      "null",
      "null",
      "jarvison5",
      "null",
      "null"
    ],
    "category": "player"
  },
  "jarvisoff": {
    "sounds": [
      "null",
      "null",
      "jarvisoff1",
      "null",
      "null",
      "jarvisoff2",
      "null",
      "null",
      "jarvisoff3",
      "null",
      "null"
    ],
    "category": "player"
  },
  "acdc": {
    "sounds": [
      "null",
      "null",
      "acdc1",
      "null",
      "null",
      "acdc2",
      "null",
      "null"
    ],
    "category": "player"
  },
  "repulsor": {
    "sounds": [
      "repulsor2",
      "repulsor3"
    ],
    "category": "player"
  },
  "ultronbeam": {
    "sounds": [
      "ultronbeam"
    ],
    "category": "player"
  },
  "unibeam": {
    "sounds": [
      "unibeam"
    ],
    "category": "player"
  },
  "misilsoot": {
    "sounds": [
      "misilsoot"
    ],
    "category": "player"
  },
  "misilload": {
    "sounds": [
      "misilload"
    ],
    "category": "player"
  },
  "ironmanon": {
    "sounds": [
      "ironmanon"
    ],
    "category": "player"
  },
  "ironmanoff": {
    "sounds": [
      "ironmanoff"
    ],
    "category": "player"
  },
  "stonechargebeam": {
    "sounds": [
      "stonechargebeam"
    ],
    "category": "player"
  },
  "stonereality": {
    "sounds": [
      "stonereality"
    ],
    "category": "player"
  },
  "stonegrow": {
    "sounds": [
      "stonegrow"
    ],
    "category": "player"
  },
  "ultronhit": {
    "sounds": [
      "ultronhit"
    ],
    "category": "player"
  },
  "visionon": {
    "sounds": [
      "visionon"
    ],
    "category": "player"
  }
}