{
  "thanoseraser": {
    "sounds": [
      "thanoseraser"
    ],
    "category": "player"
  },
  "hit": {
    "sounds": [
      "hit1",
      "hit2",
      "hit3",
      "hit4"
    ],
    "category": "player"
  },
  "flash": {
    "sounds": [
      "flash1",
      "flash2",
      "flash3",
      "flash4"
    ],
    "category": "player"
  },
  "zoom": {
    "sounds": [
      "zoom1",
      "zoom2",
      "zoom4",
      "zoom5"
    ],
    "category": "player"
  },
  "reverse": {
    "sounds": [
      "reverse1",
      "reverse2",
      "reverse3",
      "reverse4",
      "reverse5",
      "reverse6",
      "reverse7",
      "reverse8"
    ],
    "category": "player"
  },
  "flashrun": {
    "sounds": [
      "flashrun"
    ],
    "category": "player"
  },
  "phase": {
    "sounds": [
      "phase"
    ],
    "category": "player"
  },
  "phasereverse": {
    "sounds": [
      "phasereverse"
    ],
    "category": "player"
  },
  "land": {
    "sounds": [
      "land1",
      "land2"
    ],
    "category": "player"
  },
  "unibeamcharge": {
    "sounds": [
      "unibeamcharge"
    ],
    "category": "player"
  },
  "grow": {
    "sounds": [
      "grow"
    ],
    "category": "player"
  },
  "shrink": {
    "sounds": [
      "shrink"
    ],
    "category": "player"
  },
  "off": {
    "sounds": [
      "off"
    ],
    "category": "player"
  },
  "antman_helmet": {
    "sounds": [
      "antman_helmet"
    ],
    "category": "player"
  },
  "mark33walk": {
    "sounds": [
      "mark33walk"
    ],
    "category": "player"
  },
  "boost": {
    "sounds": [
      "boost1",
      "boost2"
    ],
    "category": "player"
  },
  "jarvisoff": {
    "sounds": [
      "null",
      "null",
      "jarvisoff1",
      "null",
      "null",
      "jarvisoff2",
      "null",
      "null",
      "jarvisoff3",
      "null",
      "null",
      "jarvisoff4"
    ],
    "category": "player"
  },
  "acdc": {
    "sounds": [
      "null",
      "null",
      "acdc1",
      "null",
      "null",
      "acdc2",
      "null",
      "null"
    ],
    "category": "player"
  },
  "repulsor": {
    "sounds": [
      "repulsor2",
      "repulsor3"
    ],
    "category": "player"
  },
  "ultronbeam": {
    "sounds": [
      "ultronbeam"
    ],
    "category": "player"
  },
  "unibeam": {
    "sounds": [
      "unibeam"
    ],
    "category": "player"
  },
  "misilsoot": {
    "sounds": [
      "misilsoot"
    ],
    "category": "player"
  },
  "misilload": {
    "sounds": [
      "misilload"
    ],
    "category": "player"
  },
  "ironmanon": {
    "sounds": [
      "ironmanon"
    ],
    "category": "player"
  },
  "ironmanoff": {
    "sounds": [
      "ironmanoff"
    ],
    "category": "player"
  },
  "stonechargebeam": {
    "sounds": [
      "stonechargebeam"
    ],
    "category": "player"
  },
  "ultronhit": {
    "sounds": [
      "ultronhit"
    ],
    "category": "player"
  },
  "visionon": {
    "sounds": [
      "visionon"
    ],
    "category": "player"
  }
}